deposito,tabungan,orisukuk,reksadana,bac,investasi
0,2345951560,0,0,0,0
0,1831920624,0,54422948.76,0,78155541.83
0,4243041057,0,0,22617521.46,121367521.5
0,923784301.5,0,2051904304,3153333339,7769371068
0,346600584.5,1265259000,2000063090,1740074739,5618555179
0,848323943.1,0,483712089.8,335186481.6,2268026071
0,539524149.5,1000583000,1509033869,0,2509616869
0,445827899,0,56769761.86,29301025.7,86070787.56
1000000000,364393559.8,0,1009008779,0,2993258779
0,500937747.2,0,0,546533556.4,546533556.4
1101000000,2101763707,2055463500,0,176765839.3,2232229339
3855605947,4354529817,0,0,204591742.9,204591742.9
0,2974532.29,0,913725264.1,12968221.44,926693485.6
0,1457029782,400000000,0,0,400000000
0,278077417.3,1470726900,0,0,1470726900
4156497316,838673697.9,0,0,0,0
0,10712416874,0,0,0,0
1288313505,1646941113,0,0,0,0
1500229586,297571693.3,0,0,485200197,485200197
905000000,11548807.71,0,3660506715,0,3660506715
0,1495394251,1024141000,0,0,1024141000
77353273.11,1137183992,100058300,1112827.08,18237550.92,119408678
2001000000,271626858.3,0,0,0,0
0,619341763.1,0,1047918826,0,1047918826
0,1439892547,0,0,97474308.29,97474308.29
4428750000,324475868.7,204828200,0,0,204828200
0,1840456.65,0,1002268276,0,1002268276
2740026101,98274518.91,0,0,0,0
229235706.6,117117384.1,911557200,0,42894778.43,954451978.4
0,332566777.6,925245100,449228963.8,0,2193469064
889676040.2,1249882044,0,215643119.3,232649467.5,448292586.8
0,1332850617,0,3749265904,413263623.8,9768513528
0,4978202335,0,0,0,0
273427875,509716127.7,0,0,619583259.3,619583259.3
13072500000,259699501.6,0,9696682458,22704499.93,9719386958
0,134948816.5,0,997175219.4,0,997175219.4
0,306714904.9,0,0,239723933.7,239723933.7
1181029572,403374632.7,0,0,17051240.84,17051240.84
0,3948695317,0,0,0,0
0,296952740.1,0,0,337264289.1,723698289.1
0,2107524804,0,0,0,0
0,52486868.83,0,392713328.3,0,891088328.3
0,864874766.7,0,2055890360,0,2055890360
0,2020329057,0,1581118570,0,2087868570
0,111800003.9,0,80392230.74,0,1962172231
0,8371631.87,520184000,2059061000,0,2579245000
550000000,36266244.99,718994500,190316504.3,1195275108,2104586113
0,648020.6,1024141000,107271.75,0,1024248272
0,291230272.4,0,0,0,537050000
0,7083971258,1028893000,3173701478,499843153.5,13182437632
0,3723173035,0,0,0,0
0,470137625.5,0,1453427522,1311816637,19790344159
0,21185940.05,1000583000,0,0,1000583000
1072466215,49702214.14,0,0,0,0
2000000000,367036120.7,1987578000,0,205465570.6,2193043571
1000000000,452355624.7,0,0,0,0
0,2083502362,0,0,0,0
0,144980403,0,405288100,503810445.3,1914223545
0,60228519.32,0,604126089.2,342846270.7,1140189360
1410799992,39793824.18,0,0,0,0
0,277467669.8,0,811185785.1,2802243281,9281516316
0,599582840.1,2033263000,1564463378,860174224.2,4457900603
0,663985693,0,992385803.4,0,992385803.4
0,1011470595,0,0,0,0
1861519958,480878820.5,150087450,0,0,150087450
0,44647501.82,200000000,1583111205,0,1783111205
0,958210103.1,0,1072049020,0,1072049020
0,4865092165,0,454346.08,0,454346.08
0,1661472362,0,0,0,0
0,2996735200,308667900,142295353.2,0,450963253.2
0,1489792260,716898700,230043510.5,0,1445317211
0,5429365.27,0,0,1757365845,1757365845
3781694442,656767586.1,0,556529586.6,0,755879586.6
0,1290687666,0,0,0,0
0,481998904,149068350,823519637.9,0,972587987.9
0,1353430907,500000000,126167027.4,3064821696,9122238723
1527799779,721916504.1,100000000,0,126327054.4,226327054.4
411220442.9,107451206.5,0,1163748259,1069129580,2232877840
1000000000,422866114.7,0,0,0,0
1125000000,2992236327,0,0,0,0
0,1702972220,0,0,0,0
2078358265,312312121.1,0,0,0,0
0,344567352.7,354589200,258880013.3,0,1152119213
3217446452,2188524833,0,0,0,0
0,660184282.2,104036800,524110000,0,875021800
0,17954676.34,200000000,0,0,1681736275
0,1292032975,0,0,0,0
0,373748432.2,250000000,1075067285,1745137216,4519635689
0,757003859.1,0,740276867.8,623175490.3,1735582858
0,25516425.27,300174900,1011218649,0,1311393549
1000000000,1031624174,0,502016961.7,2021740442,3489842404
0,6385743342,0,0,0,0
500000000,207212325.4,379487700,1772693828,109277179,2261458707
0,155460926.5,1493789000,2796954252,0,5267636652
200000000,2268987416,0,0,0,0
0,54261594.13,0,714378666.8,163941674.7,1287406193
0,32760323.24,1027551000,0,0,8007816475
1100000000,121530880.8,0,311789995,307506523.6,619296518.6
0,2495053418,0,0,0,0
0,134029295.5,612090600,828995261.5,0,12117071502
1370736716,85586228.91,884790200,3060703188,0,3945493388
1683952825,588874133.7,0,0,0,0
2600000000,1109715854,506556000,0,8966355.96,515522356
0,3558586002,0,0,0,0
1000000000,51842291.44,0,0,0,0
1727600000,0,0,0,0,0
0,17386269.51,0,777177140,0,1275552140
0,977304089.8,0,0,0,0
0,1561406339,0,0,0,0
1051186670,718516640.7,0,1742825992,73080493.62,1815906486
0,1559606640,588881075,25275557.49,0,1212206632
0,333974393.1,0,3568056613,2133346352,8116615465
5549014785,1222119393,0,0,0,0
0,941287427.9,0,106633352.4,0,106633352.4
3050250000,1246152396,0,0,0,0
0,1178755969,0,0,0,0
1000000000,30735277.94,0,0,0,0
1050306981,4434825637,0,0,382630747,382630747
0,59627704.39,0,51035630.82,2030167982,2081203613
0,21787654.98,0,82747751.27,706984591.3,1283482343
4000000000,3001584976,0,0,0,0
0,499022194,0,0,0,0
2000000000,24414985.64,0,0,0,0
1300000000,4369616925,0,0,324931250,324931250
1000000000,392529385,0,0,95265429.02,95265429.02
0,1352790149,0,0,0,0
1171147468,2728652609,357052850,0,5503201.93,362556051.9
0,1096136536,0,1216195651,0,2736445651
1926250000,564342379.7,0,0,0,0
474925000,1575795845,0,0,0,0
7443565745,124112332.4,0,0,0,0
0,47885439.74,1024141000,0,0,1024141000
0,235907415.2,0,526291887,3815196934,4341488821
0,1171027463,0,58963765.24,726197007.1,785160772.3
1250000000,171958685,18330150000,0,0,18330150000
3250000000,602724153.5,0,0,0,0
1250000000,7875566.23,0,0,0,0
0,219888.3,0,0,0,0
0,1406287985,0,0,0,0
0,36182155.73,520866000,582252441.9,0,1863555942
1099180723,67387496.27,6611662302,22684992.83,0,6634347295
3499000000,4988231.58,0,0,0,0
0,6377466.06,0,0,0,0
0,827392192,0,0,91056461.71,91056461.71
0,3010762469,1507643400,1484589949,643583115.9,4343753965
1950000000,2051169831,6074172000,0,0,6074172000
0,166796735.9,0,1505925780,0,5029550780
388502053.6,735451562.4,304095100,254555291.6,371332228.6,929982620.2
0,665159001,0,475851469.8,371595447.4,1506221917
0,63236750.91,3072423000,0,241307686.5,3313730686
0,182606253.2,1040368000,0,0,1040368000
4000000000,197799293.4,0,0,0,0
0,93289325.05,750000000,0,0,3206585000
1388719337,7602676933,0,1317754000,0,1317754000
703767189.4,906591160.5,0,485010665.5,722065652.6,1207076318
64031487500,270594370.3,0,0,0,0
1049379626,117609780,0,765106915.3,1097319114,1862426029
0,1052934130,0,0,0,0
0,482122147.3,1040368000,0,143635747,1184003747
0,305907130.4,0,2777058095,425402052.8,7519762492
0,31732294.03,609035300,605798895.8,0,1214834196
2000000000,0,0,0,0,0
0,420129279.5,0,0,627597922.4,627597922.4
1000000000,2013801471,52018400,0,59433543.95,111451944
722193317,1582469810,0,0,1043841022,1043841022
2072262211,956280192.5,0,821029962.2,126995529.3,1826067991
0,2985264847,0,0,0,4960625000
584490749.5,59018410.06,0,890214842.5,0,1192914843
10000000000,21834661997,0,0,0,0
1350000000,1619348353,0,0,128439868.5,128439868.5
0,6482918091,2639680900,299073000,993772217.9,3932526118
8500000000,2018496123,9193527000,0,0,9193527000
0,99252015.71,1014446500,1029453142,807558279.9,2851457922
0,1592882.31,496894500,100478620.2,738695683.4,1336068804
0,865585741.9,0,0,0,0
0,2867367189,0,0,0,0
0,339190289.9,1024141000,1809914387,0,2834055387
0,31685036546,2048282000,2040760000,0,4089042000
0,4760082.71,0,3724740870,640402927.6,4365143797
0,777573006.8,0,2146552145,804651896.7,3957954041
0,1075948819,0,3038840000,0,3038840000
1000000000,283357752.6,0,0,0,0
3945594978,21431223566,6001749000,0,0,6001749000
0,2477823266,0,0,0,0
0,500679923.3,500291500,0,0,500291500
0,2250491383,0,0,0,0
0,5951998610,0,0,0,0
0,5788626748,0,2670460267,88277592.6,2758737859
0,569354047.1,1560552000,1315612009,310861162.5,3187309548
500000000,3953605568,256035250,0,336910133.5,592945383.5
0,2074542276,0,0,0,0
2000000000,15583756.76,0,0,0,0
1805300494,269762796.2,0,436289075.4,1044715045,1481004120
4269325606,288203279.2,1836271800,0,0,1836271800
1000000000,2566317441,0,0,0,0
0,2903588230,0,0,0,0
1700000000,165701442.6,0,3053492978,0,3053492978
0,2168092799,0,0,0,0
788596992.6,201056367.2,100000000,0,0,100000000
0,190031598.8,0,1346573131,1853320882,5132421914
0,3847655185,0,6728783829,3488853887,16973987717
0,1759177481,0,0,336950267.6,336950267.6
0,494666848.6,0,8383197210,0,10376697210
1000000000,199906579.7,0,0,62773632.08,62773632.08
1500000000,174771333.1,0,0,0,0
0,813395390.4,0,0,779371802.3,779371802.3
0,2153515959,0,0,0,0
1155000000,28264305.84,0,0,0,2273400000
0,402891959.9,0,1027635894,0,4821109107
0,1195311083,0,0,0,0
2000000000,2493142924,99378900,50331312.29,0,149710212.3
0,56150671.84,0,985148669.2,0,985148669.2
0,30694590.75,2374928050,0,0,2374928050
3351925000,178233303.9,0,100923000,176156369.2,9471875634
0,1079679346,0,0,0,0
400000000,7687503899,0,0,0,0
0,76982783.18,0,0,824345040.7,824345040.7
1000000000,1044368552,500291500,963168579.5,0,1463460080
0,3817503570,0,0,0,0
2000000000,1612387344,0,0,0,0
2.65559E+11,42260607931,0,0,0,0
0,219724654.7,0,500478858,1064006394,1959485252
2260160680,54245836.19,0,0,0,0
0,1587184879,0,0,0,0
0,1601882330,0,0,0,0
1000000000,375090615.7,0,0,0,0
0,1603167.44,1020151000,0,0,2035151000
1000000000,133333427.2,0,0,0,0
0,2110081304,0,0,0,432590812.5
1173389557,22507244.5,0,0,0,0
310000000,9127305.76,0,0,993778256,993778256
0,207588314.2,0,1274335200,708634287.4,3660278487
500000000,20490182.31,0,0,0,0
2700000000,38134591.23,0,0,2720957111,2720957111
0,243988445.2,0,0,1068462398,1068462398
0,103346304.9,0,3753389573,209160772.2,8366650045
1000000000,45902059.86,0,0,0,0
0,2276728206,0,0,486805551.4,486805551.4
814725074,1621533046,0,0,0,0
0,173986130.1,0,399306208.3,1673746294,2266269503
17878623330,186967403.2,0,0,0,0
290500000,1067951117,0,1622371570,988531528.2,2610903098
0,3340476374,1632241600,10733702625,0,25480919225
1810000000,429625130.9,0,0,0,0
1030000000,123536253.5,0,0,0,0
0,1289507106,0,0,297546896.8,730137709.3
650000000,347423518.3,0,0,51640170.49,51640170.49
1000000000,52108277.22,0,0,0,0
1243035552,116973572.6,0,0,446432480.8,446432480.8
1500000000,589353009,0,0,0,0
0,1866214702,0,0,0,0
0,1978548109,0,264286248.2,0,264286248.2
0,261271618.7,0,9518748000,0,10745748000
0,284894008.3,0,811778136.4,0,811778136.4
1417539727,20577289.3,0,0,0,0
959873457.2,133203177.4,0,0,0,0
0,2435870444,0,0,0,0
0,1247520496,0,0,0,0
2252618418,186009373.4,0,897193372.7,0,897193372.7
832384179.2,226091602.8,0,0,0,1074100000
3839425000,535277096.1,0,0,0,0
220000000,1402962469,0,0,0,0
0,78629854.2,909586100,2643707722,0,4060793822
0,3102385945,0,0,43719661.74,43719661.74
3234501.4,4486385.01,978364840,0,0,1078039840
200000000,107691951.7,696894500,0,0,1697394500
3591801744,187462901.8,0,0,0,0
0,2699041537,0,0,0,0
0,33994679.27,698757800,281658990.2,181229656.9,1161646447
0,149573859.5,0,1376799057,0,1376799057
400000000,18197430.49,0,639108284.3,0,639108284.3
0,1912512922,0,213059198.4,255422680.6,468481879
0,1007165425,993789000,0,28225953.88,1022014954
3500000000,20845751.56,0,0,0,0
0,1000957305,0,439687.41,0,439687.41
0,8220483751,0,0,0,0
0,205325324.5,1987578000,0,0,1987578000
0,3817955825,0,0,0,0
998699733.8,2334077721,0,0,0,0
0,140838554.7,4666968720,329407855.2,0,4996376575
0,2190123715,0,0,0,0
0,7796600652,0,1500426836,0,1500426836
0,1329759695,0,281658990.2,0,886158990.2
1015687879,77349895.31,0,0,0,0
1274876664,598237918.9,100372689,0,0,100372689
2800000000,148158266.6,0,0,0,0
11335301652,697569064.4,0,0,0,0
0,53897391.46,0,1994975385,2013232887,4705933272
1117972137,103761337.6,0,0,0,0
0,685620029.3,0,544568946.1,0,1215409196
0,489655025.5,0,0,109314441.5,109314441.5
3189741103,22917455380,0,0,0,0
0,10676089.19,0,0,0,8170420000
0,426693761.2,0,0,33773786.61,33773786.61
81831077.03,893156296.1,0,0,0,9244747253
2001000000,5771869525,0,77780.97,0,77780.97
2200000000,504276381.3,0,0,0,0
0,57302633.11,2350009800,207433057.2,0,2557442857
1040936246,1741053923,0,0,0,0
0,197028347.4,4466883905,258778727.3,0,5131062632
0,4487463707,0,0,0,0
5000000000,149006219.1,0,0,0,0
3000000000,2121088987,0,0,0,0
65820000000,8852868570,0,0,0,0
6084246569,215309551.9,0,0,0,0
1100000000,46122162.61,0,0,0,0
1336542776,360366519.9,0,0,0,0
0,15949642542,0,0,259958456.3,259958456.3
0,769460503.7,0,0,0,246875000
500000000,708087645.1,0,0,0,0
2336819849,246765919.9,0,0,0,0
2069861904,1417269975,0,0,0,0
1025000000,383094306.2,0,0,0,0
2015025497,116068719,0,0,0,0
0,5011954239,0,1425023790,3598233438,5565669900
465006724.8,25694971.17,1094782420,60132302.17,293734441.1,1955399163
1035111497,23977712.72,0,0,0,0
0,1196376593,0,0,2158860049,2158860049
1399468677,7934753.91,0,0,0,0
1200000000,252444244.1,0,0,0,0
0,23184158.28,1200000000,309640260.9,0,1509640261
2006661136,0,0,0,0,0
1088171631,760539773.6,0,0,0,0
30000000,1765070035,0,0,84602763.2,84602763.2
0,53161823.97,1308667900,0,0,1308667900
5900000000,384322512,0,0,0,0
2000000000,722534740.6,0,0,0,0
0,10040920.84,0,0,0,1077300000
1000000000,88339.2,0,0,0,0
0,925927993.8,2992140010,3545590646,268192297.8,7223167304
972711507.3,402412737,0,0,0,0
600000000,655021669.3,0,0,0,0
1000000000,12530374.2,0,0,0,0
4000000000,408019088.3,0,0,0,0
101094401.4,4975171061,0,0,0,0
3250000000,576737901.4,0,0,0,0
218742300,211256432.4,150000000,0,2849740619,2999740619
0,467965643.2,0,2318415630,0,2812165630
1500000000,587150756.6,0,0,0,0
0,2252038234,0,0,0,0
2500000000,3644271772,0,0,1525843077,4547917246
1500000000,44446391.75,0,0,0,0
4000000000,100689433.6,0,0,0,0
1460257948,3481320397,0,0,0,0
2420000000,1165110192,0,0,0,0
0,110964907.1,1299636675,0,0,1299636675
911836360.8,760000633.4,0,0,0,0
1113638455,138793944.6,0,0,0,0
0,14905972.08,0,1221809317,0,1221809317
0,1393550439,0,0,0,0
2201250000,2773564002,0,0,70324568.49,70324568.49
2000000000,106448205.7,0,0,0,0
1910000000,418358.98,0,0,0,0
0,0,0,0,0,0
2373509543,288399292.2,0,0,0,0
1370212500,383932344.7,0,0,0,0
0,860798619,0,0,571292110.8,939482704.6
0,4497924487,0,0,0,0
4500000000,2775689476,0,0,0,0
0,1731130088,0,0,0,0
700000000,83755484.69,1000000000,0,0,2077500000
1750000000,26061678.63,0,0,0,0
1838578220,411914080.1,0,0,0,0
0,3259586113,0,0,0,0
54308082.83,1157200881,0,0,0,0
2891236574,195167312.8,0,0,142367308.6,142367308.6
7400000000,52978068.62,0,0,0,0
0,2354855485,0,0,0,0
1007057534,355080.22,0,0,0,0
2242962658,89817226.74,0,0,0,0
1988497133,56685205.98,0,0,0,0
1188093921,287874585.9,0,331000476.3,471942563.7,802943040
1825000000,242717133.4,0,0,0,0
39600000000,0,0,0,0,18884057841
2500000000,915583708.7,0,0,795698521.4,2275491021
1518454972,2279220915,0,0,0,0
3000000000,39312735028,0,2247654057,7807995147,47766196830
3400000000,691694323,0,2313571059,0,16975750213
164879297.3,73962316.11,1116764190,0,0,1116764190
0,567066443.1,0,455363591.8,15055364.72,966668956.5
20000000000,52007373.64,0,0,0,0
2439981924,1138753152,0,0,362692106.9,362692106.9
1022187777,100030233.3,0,0,0,0
420000000,5766596.75,435198925,51572424.93,398760714.6,885532064.5
0,1155645208,0,0,0,0
0,52077120.92,0,0,0,0
1173175000,3289196.9,0,0,0,0
2545147732,144745874.2,0,0,0,0
1550000000,29873694.74,0,0,0,0
2881975000,58813725.46,0,0,278888636.2,278888636.2
0,43627849.1,911557200,1826994527,0,4180651727
0,1254766185,0,1060176501,0,1060176501
2132866433,3392602802,0,0,0,0
0,2504346120,0,0,0,0
41684323249,752180167.2,0,0,0,0
0,1538120146,0,0,0,0
1000000000,1042922221,0,0,0,0
0,499279302.2,0,0,0,0
2226250000,2554779332,0,0,0,0
508000000,428166274.5,0,0,0,0
350000000,878995698.7,0,310548777.2,455045830,765594607.3
0,167855232.8,0,10694531331,767779792,11756863598
0,1201441408,0,0,0,0
0,1158162043,0,0,0,0
4000000000,7363851359,10076373000,2934521162,4135582444,19146476606
0,4708540.59,1766896615,0,0,1766896615
1550000000,190697938.3,0,0,0,0
0,15185999.47,409272000,0,0,3108271438
0,1369308317,0,0,543189497.2,543189497.2
1031858468,67210217.37,0,0,0,0
0,797486407.1,0,541709760.9,242648524.2,784358285.1
0,2457676054,0,0,0,0
4950000000,197643090,0,0,0,0
1377626793,711008340.3,0,748183616.8,623831456,1372015073
0,3941146440,0,0,0,0
0,2224712489,0,0,0,0
0,1838580106,0,0,0,0
2178750000,280047516.5,0,0,0,0
0,1278331344,0,126641101.6,697875944.1,1322892046
4875000000,88257735.51,0,0,0,0
628437614.4,667421664.5,0,0,0,0
3594682882,287731252.4,1121331900,0,1591453915,3066210815
5168385705,832223870,4884472500,0,0,4884472500
1000000000,235540006.7,5108297500,0,0,5108297500
1000000000,29500216.86,0,0,0,0
1055647730,79992673.02,0,0,0,0
1001000000,444043812.3,0,0,0,0
1712395817,29657678.93,52018400,0,0,52018400
1000000000,102440031.5,0,0,0,0
1027020775,45551327.46,0,0,0,0
0,1999701769,0,0,0,0
300000000,149414989.5,2281545850,0,0,2281545850
0,1458880658,0,0,0,0
0,693171198.4,0,0,9481494506,9481494506
0,4478619889,0,0,0,0
0,518253623,0,14629008441,0,14629008441
0,32030285.85,0,0,1547182977,1547182977
1300000000,114563214.4,0,0,0,0
51801545.35,100619189.7,0,0,1114756409,1114756409
1971207646,75779848.12,0,0,0,0
0,438410787.1,520184000,0,1013123952,5977725633
0,56020714.13,0,0,0,1993500000
1000000000,76337553.93,0,0,0,0
0,23095059.73,0,0,0,0
1539099842,47876794.33,0,0,0,0
2000000000,119531871.2,0,0,0,201354534.7
0,1108326765,0,0,0,0
2500000000,746103098.5,0,0,864293464.9,864293464.9
150000000,1418084965,0,0,387758575.9,387758575.9
0,310459151.7,0,293850459.5,1031742370,1325592829
0,1343428047,0,2010183528,0,2010183528
0,2222867753,0,0,0,0
11331800535,559854197,0,0,0,0
0,101939230.7,0,0,0,1251173000
1200000000,496229704.1,0,0,0,0
100000000,106292417.7,909451900,0,24375623.54,933827523.5
0,394352646,512070500,0,729951944.7,2238772445
0,2593846327,3040302000,0,216204709.1,3256506709
0,1077446595,0,265087464.1,0,1009983714
0,282130141.2,0,2781545172,939999116.4,3721544289
0,207409837,0,0,0,0
1544915748,29530269.93,0,0,0,0
1000010000,7877362.21,0,0,0,0
0,1259965658,6000000000,6172350000,0,18929144400
0,3317723705,0,0,0,0
0,401011824.1,0,3358118794,1275258165,4633376959
3845158536,79518420.79,0,0,0,0
1119636728,20277655.47,130000000,0,0,130000000
0,498316691.3,3072423000,0,0,3072423000
0,3277866976,0,0,0,0
0,2774279457,0,0,0,0
0,1464613050,0,0,0,0
3393641587,633180346.3,0,0,0,0
0,1464018890,3072423000,0,0,3072423000
0,7067736860,0,0,0,24437.72
1271285946,164531288.8,0,0,0,0
0,1038111530,0,0,0,0
0,2481094037,0,0,0,0
0,61582339.06,0,2665146800,0,2665146800
0,249970066,0,2365309669,0,2365309669
500000000,686080126,0,0,310214736.4,966799205.1
0,7755854.29,0,892304363.6,0,892304363.6
0,14909033.39,0,669456958.7,530486245.6,1199943204
5500000000,59549598.51,0,0,0,0
2600000000,215191118.3,0,0,0,0
747846105.1,666361410.3,0,0,0,0
100000000,901357699.7,0,0,0,0
2300000000,382822899.3,0,0,0,0
0,1581171714,0,0,0,0
1150020431,53069365.33,0,0,36649692.17,36649692.17
0,3268154984,0,0,0,0
0,972663418.9,0,311894950.6,832072438.7,1143967389
9200000000,152340683.2,0,0,0,0
2625135910,2445187117,0,0,1688271961,1688271961
3850000000,791326071,0,0,0,0
0,48313970.15,615435000,0,133482880.1,1605555174
600000000,275830574.3,0,251772082.6,334151923.7,585924006.3
0,916303162.6,0,224894105.1,0,5451701755
0,19148007.78,1013112000,0,0,1013112000
1000000000,338217996,300000000,216685935.5,0,516685935.5
0,240667467.5,5048031000,2321935862,0,7369966862
0,2873180862,0,0,0,0
12000000000,134368817.9,0,0,0,0
0,1035874352,0,0,0,893060433.2
1000000000,14869215.52,0,0,0,0
28247871660,1482704085,0,0,0,0
500000000,2659915732,0,0,846228055,846228055
0,1193897092,0,298705112.9,837597350.1,1136302463
0,15246628.84,0,401237042.1,0,2498162042
2000000000,279186498.6,0,0,0,0
25985560290,1610146271,0,0,238727631.3,238727631.3
612962606.7,229298822.5,0,0,327195863.5,327195863.5
0,1697804232,0,0,293223171.4,293223171.4
886532517.3,20618081.57,0,0,501084282.6,501084282.6
1245527539,232567228.9,0,0,0,0
1000000000,402070253,0,0,0,0
54500000000,7571593882,3000000000,0,612024957.4,3612024957
0,233019468.3,0,1750615765,907216677,2657832442
0,1890805621,0,2899926698,0,2899926698
800000000,520855233.1,0,0,0,0
0,5497617014,0,0,0,0
0,562724551.8,0,0,1555602078,1555602078
0,8524157414,0,0,467730874.1,467730874.1
0,94145739.01,0,1027001868,0,1027001868
0,5727620903,0,0,272921724.6,272921724.6
2010000000,105562554.9,0,0,0,0
1184381485,275344151.3,0,0,499035211.7,499035211.7
0,4397766669,0,0,2838568174,2838568174
0,981437017.4,0,0,1150809917,1150809917
3000000000,1199358371,0,0,0,0
7306288508,783332517.8,0,0,151616912.8,336358451.1
1900000000,885213311,0,844772213.9,0,844772213.9
0,1734617255,0,0,0,0
0,1188289457,0,0,0,0
0,1691784634,0,0,0,0
0,33109786213,0,0,0,0
0,3372107202,0,789941348.9,0,789941348.9
207515286.2,29806928.71,0,0,0,0
0,365504327.5,0,0,0,0
1000000000,103289996,0,0,0,0
0,50049509.91,850000000,0,442081559.4,1292081559
0,1296045177,0,0,71886131.75,71886131.75
2400000000,293077580.7,0,0,0,0
1500000000,41693077,0,0,0,0
0,1149558674,0,0,0,0
3012705187,41590857.9,0,0,0,0
1800000000,327018978.6,0,0,0,0
2000000000,1018727621,0,0,0,0
0,4214904013,0,0,0,0
1284785171,3472538584,0,0,358801502.1,358801502.1
0,1016927081,0,0,0,0
1320000000,71600812.3,0,0,0,0
1000000000,58809358.62,0,0,0,0
0,10162285740,0,0,0,0
0,0,0,0,0,0
7889500000,4796685396,0,0,534657142.8,534657142.8
2000000000,615984095.8,0,100070761.8,376782408.8,476853170.6
0,3619275891,996894500,0,0,996894500
0,719647649.4,0,0,0,1014250000
936166798.5,543652322.8,0,0,0,0
0,9392807530,0,0,0,0
0,1197904455,0,0,0,0
0,145244286.2,0,12714275213,0,15714275213
3046975818,330585181.6,0,0,358720767.5,358720767.5
9579237500,924006077.5,0,0,0,0
0,1862197539,0,0,0,0
0,2001844940,0,0,0,0
19700000000,492971721.1,0,0,0,0
0,140092429.3,688312870,202180700,484696272.2,1375189842
0,1035717919,0,0,0,0
0,94696375.96,2147740100,0,0,2147740100
799438227.4,2225636876,0,110094024.4,0,412469024.4
0,110543621.6,0,4620362221,0,4620362221
0,2071796399,0,0,0,0
25900000000,1839497527,0,0,0,0
820034360.9,1994594286,0,300066041.6,0,300066041.6
101229276.3,61499829.62,0,1953346009,0,1953346009
8000000000,1031878415,2001166000,0,533108751.2,2534274751
2000000000,392338527.5,0,0,0,0
0,705399970.8,0,0,0,0
0,415565314.8,0,812684748.4,0,2718009748
0,5355336877,0,0,0,0
0,350282398.3,0,669143136.2,0,669143136.2
0,26510616,0,1020380000,0,1020380000
3500000000,591252143.2,0,0,411515076.1,411515076.1
1200467646,254583048.3,0,0,1056502563,1056502563
500000000,2803377631,0,0,0,0
4000000000,746055534.9,0,0,0,0
1937815740,14509764.28,0,0,0,0
1917128947,368390216.6,0,0,0,0
2676826301,39511414.04,0,524529980.8,814070996.1,1338600977
1017718549,1072374969,0,939271791.5,1645261761,3067576052
0,33912728.68,0,394970674.5,0,1919720675
0,148126323.1,0,469583499,755998701.9,1225582201
0,2345951560,0,0,0,0
0,1831920624,0,54422948.76,0,78155541.83
0,4243041057,0,0,22617521.46,121367521.5
0,923784301.5,0,2051904304,3153333339,7769371068
0,346600584.5,1265259000,2000063090,1740074739,5618555179
0,848323943.1,0,483712089.8,335186481.6,2268026071
0,539524149.5,1000583000,1509033869,0,2509616869
0,445827899,0,56769761.86,29301025.7,86070787.56
1000000000,364393559.8,0,1009008779,0,2993258779
0,500937747.2,0,0,546533556.4,546533556.4
1101000000,2101763707,2055463500,0,176765839.3,2232229339
3855605947,4354529817,0,0,204591742.9,204591742.9
0,2974532.29,0,913725264.1,12968221.44,926693485.6
0,1457029782,400000000,0,0,400000000
0,278077417.3,1470726900,0,0,1470726900
4156497316,838673697.9,0,0,0,0
0,10712416874,0,0,0,0
1288313505,1646941113,0,0,0,0
1500229586,297571693.3,0,0,485200197,485200197
905000000,11548807.71,0,3660506715,0,3660506715
0,1495394251,1024141000,0,0,1024141000
77353273.11,1137183992,100058300,1112827.08,18237550.92,119408678
2001000000,271626858.3,0,0,0,0
0,619341763.1,0,1047918826,0,1047918826
0,1439892547,0,0,97474308.29,97474308.29
4428750000,324475868.7,204828200,0,0,204828200
0,1840456.65,0,1002268276,0,1002268276
2740026101,98274518.91,0,0,0,0
229235706.6,117117384.1,911557200,0,42894778.43,954451978.4
0,332566777.6,925245100,449228963.8,0,2193469064
889676040.2,1249882044,0,215643119.3,232649467.5,448292586.8
0,1332850617,0,3749265904,413263623.8,9768513528
0,4978202335,0,0,0,0
273427875,509716127.7,0,0,619583259.3,619583259.3
13072500000,259699501.6,0,9696682458,22704499.93,9719386958
0,134948816.5,0,997175219.4,0,997175219.4
0,306714904.9,0,0,239723933.7,239723933.7
1181029572,403374632.7,0,0,17051240.84,17051240.84
0,3948695317,0,0,0,0
0,296952740.1,0,0,337264289.1,723698289.1
0,2107524804,0,0,0,0
0,52486868.83,0,392713328.3,0,891088328.3
0,864874766.7,0,2055890360,0,2055890360
0,2020329057,0,1581118570,0,2087868570
0,111800003.9,0,80392230.74,0,1962172231
0,8371631.87,520184000,2059061000,0,2579245000
550000000,36266244.99,718994500,190316504.3,1195275108,2104586113
0,648020.6,1024141000,107271.75,0,1024248272
0,291230272.4,0,0,0,537050000
0,7083971258,1028893000,3173701478,499843153.5,13182437632
0,3723173035,0,0,0,0
0,470137625.5,0,1453427522,1311816637,19790344159
0,21185940.05,1000583000,0,0,1000583000
1072466215,49702214.14,0,0,0,0
2000000000,367036120.7,1987578000,0,205465570.6,2193043571
1000000000,452355624.7,0,0,0,0
0,2083502362,0,0,0,0
0,144980403,0,405288100,503810445.3,1914223545
0,60228519.32,0,604126089.2,342846270.7,1140189360
1410799992,39793824.18,0,0,0,0
0,277467669.8,0,811185785.1,2802243281,9281516316
0,599582840.1,2033263000,1564463378,860174224.2,4457900603
0,663985693,0,992385803.4,0,992385803.4
0,1011470595,0,0,0,0
1861519958,480878820.5,150087450,0,0,150087450
0,44647501.82,200000000,1583111205,0,1783111205
0,958210103.1,0,1072049020,0,1072049020
0,4865092165,0,454346.08,0,454346.08
0,1661472362,0,0,0,0
0,2996735200,308667900,142295353.2,0,450963253.2
0,1489792260,716898700,230043510.5,0,1445317211
0,5429365.27,0,0,1757365845,1757365845
3781694442,656767586.1,0,556529586.6,0,755879586.6
0,1290687666,0,0,0,0
0,481998904,149068350,823519637.9,0,972587987.9
0,1353430907,500000000,126167027.4,3064821696,9122238723
1527799779,721916504.1,100000000,0,126327054.4,226327054.4
411220442.9,107451206.5,0,1163748259,1069129580,2232877840
1000000000,422866114.7,0,0,0,0
1125000000,2992236327,0,0,0,0
0,1702972220,0,0,0,0
2078358265,312312121.1,0,0,0,0
0,344567352.7,354589200,258880013.3,0,1152119213
3217446452,2188524833,0,0,0,0
0,660184282.2,104036800,524110000,0,875021800
0,17954676.34,200000000,0,0,1681736275
0,1292032975,0,0,0,0
0,373748432.2,250000000,1075067285,1745137216,4519635689
0,757003859.1,0,740276867.8,623175490.3,1735582858
0,25516425.27,300174900,1011218649,0,1311393549
1000000000,1031624174,0,502016961.7,2021740442,3489842404
0,6385743342,0,0,0,0
500000000,207212325.4,379487700,1772693828,109277179,2261458707
0,155460926.5,1493789000,2796954252,0,5267636652
200000000,2268987416,0,0,0,0
0,54261594.13,0,714378666.8,163941674.7,1287406193
0,32760323.24,1027551000,0,0,8007816475
1100000000,121530880.8,0,311789995,307506523.6,619296518.6
0,2495053418,0,0,0,0
0,134029295.5,612090600,828995261.5,0,12117071502
1370736716,85586228.91,884790200,3060703188,0,3945493388
1683952825,588874133.7,0,0,0,0
2600000000,1109715854,506556000,0,8966355.96,515522356
0,3558586002,0,0,0,0
1000000000,51842291.44,0,0,0,0
1727600000,0,0,0,0,0
0,17386269.51,0,777177140,0,1275552140
0,977304089.8,0,0,0,0
0,1561406339,0,0,0,0
1051186670,718516640.7,0,1742825992,73080493.62,1815906486
0,1559606640,588881075,25275557.49,0,1212206632
0,333974393.1,0,3568056613,2133346352,8116615465
5549014785,1222119393,0,0,0,0
0,941287427.9,0,106633352.4,0,106633352.4
3050250000,1246152396,0,0,0,0
0,1178755969,0,0,0,0
1000000000,30735277.94,0,0,0,0
1050306981,4434825637,0,0,382630747,382630747
0,59627704.39,0,51035630.82,2030167982,2081203613
0,21787654.98,0,82747751.27,706984591.3,1283482343
4000000000,3001584976,0,0,0,0
0,499022194,0,0,0,0
2000000000,24414985.64,0,0,0,0
1300000000,4369616925,0,0,324931250,324931250
1000000000,392529385,0,0,95265429.02,95265429.02
0,1352790149,0,0,0,0
1171147468,2728652609,357052850,0,5503201.93,362556051.9
0,1096136536,0,1216195651,0,2736445651
1926250000,564342379.7,0,0,0,0
474925000,1575795845,0,0,0,0
7443565745,124112332.4,0,0,0,0
0,47885439.74,1024141000,0,0,1024141000
0,235907415.2,0,526291887,3815196934,4341488821
0,1171027463,0,58963765.24,726197007.1,785160772.3
1250000000,171958685,18330150000,0,0,18330150000
3250000000,602724153.5,0,0,0,0
1250000000,7875566.23,0,0,0,0
0,219888.3,0,0,0,0
0,1406287985,0,0,0,0
0,36182155.73,520866000,582252441.9,0,1863555942
1099180723,67387496.27,6611662302,22684992.83,0,6634347295
3499000000,4988231.58,0,0,0,0
0,6377466.06,0,0,0,0
0,827392192,0,0,91056461.71,91056461.71
0,3010762469,1507643400,1484589949,643583115.9,4343753965
1950000000,2051169831,6074172000,0,0,6074172000
0,166796735.9,0,1505925780,0,5029550780
388502053.6,735451562.4,304095100,254555291.6,371332228.6,929982620.2
0,665159001,0,475851469.8,371595447.4,1506221917
0,63236750.91,3072423000,0,241307686.5,3313730686
0,182606253.2,1040368000,0,0,1040368000
4000000000,197799293.4,0,0,0,0
0,93289325.05,750000000,0,0,3206585000
1388719337,7602676933,0,1317754000,0,1317754000
703767189.4,906591160.5,0,485010665.5,722065652.6,1207076318
64031487500,270594370.3,0,0,0,0
1049379626,117609780,0,765106915.3,1097319114,1862426029
0,1052934130,0,0,0,0
0,482122147.3,1040368000,0,143635747,1184003747
0,305907130.4,0,2777058095,425402052.8,7519762492
0,31732294.03,609035300,605798895.8,0,1214834196
2000000000,0,0,0,0,0
0,420129279.5,0,0,627597922.4,627597922.4
1000000000,2013801471,52018400,0,59433543.95,111451944
722193317,1582469810,0,0,1043841022,1043841022
2072262211,956280192.5,0,821029962.2,126995529.3,1826067991
0,2985264847,0,0,0,4960625000
584490749.5,59018410.06,0,890214842.5,0,1192914843
10000000000,21834661997,0,0,0,0
1350000000,1619348353,0,0,128439868.5,128439868.5
0,6482918091,2639680900,299073000,993772217.9,3932526118
8500000000,2018496123,9193527000,0,0,9193527000
0,99252015.71,1014446500,1029453142,807558279.9,2851457922
0,1592882.31,496894500,100478620.2,738695683.4,1336068804
0,865585741.9,0,0,0,0
0,2867367189,0,0,0,0
0,339190289.9,1024141000,1809914387,0,2834055387
0,31685036546,2048282000,2040760000,0,4089042000
0,4760082.71,0,3724740870,640402927.6,4365143797
0,777573006.8,0,2146552145,804651896.7,3957954041
0,1075948819,0,3038840000,0,3038840000
1000000000,283357752.6,0,0,0,0
3945594978,21431223566,6001749000,0,0,6001749000
0,2477823266,0,0,0,0
0,500679923.3,500291500,0,0,500291500
0,2250491383,0,0,0,0
0,5951998610,0,0,0,0
0,5788626748,0,2670460267,88277592.6,2758737859
0,569354047.1,1560552000,1315612009,310861162.5,3187309548
500000000,3953605568,256035250,0,336910133.5,592945383.5
0,2074542276,0,0,0,0
2000000000,15583756.76,0,0,0,0
1805300494,269762796.2,0,436289075.4,1044715045,1481004120
4269325606,288203279.2,1836271800,0,0,1836271800
1000000000,2566317441,0,0,0,0
0,2903588230,0,0,0,0
1700000000,165701442.6,0,3053492978,0,3053492978
0,2168092799,0,0,0,0
788596992.6,201056367.2,100000000,0,0,100000000
0,190031598.8,0,1346573131,1853320882,5132421914
0,3847655185,0,6728783829,3488853887,16973987717
0,1759177481,0,0,336950267.6,336950267.6
0,494666848.6,0,8383197210,0,10376697210
1000000000,199906579.7,0,0,62773632.08,62773632.08
1500000000,174771333.1,0,0,0,0
0,813395390.4,0,0,779371802.3,779371802.3
0,2153515959,0,0,0,0
1155000000,28264305.84,0,0,0,2273400000
0,402891959.9,0,1027635894,0,4821109107
0,1195311083,0,0,0,0
2000000000,2493142924,99378900,50331312.29,0,149710212.3
0,56150671.84,0,985148669.2,0,985148669.2
0,30694590.75,2374928050,0,0,2374928050
3351925000,178233303.9,0,100923000,176156369.2,9471875634
0,1079679346,0,0,0,0
400000000,7687503899,0,0,0,0
0,76982783.18,0,0,824345040.7,824345040.7
1000000000,1044368552,500291500,963168579.5,0,1463460080
0,3817503570,0,0,0,0
2000000000,1612387344,0,0,0,0
2.65559E+11,42260607931,0,0,0,0
0,219724654.7,0,500478858,1064006394,1959485252
2260160680,54245836.19,0,0,0,0
0,1587184879,0,0,0,0
0,1601882330,0,0,0,0
1000000000,375090615.7,0,0,0,0
0,1603167.44,1020151000,0,0,2035151000
1000000000,133333427.2,0,0,0,0
0,2110081304,0,0,0,432590812.5
1173389557,22507244.5,0,0,0,0
310000000,9127305.76,0,0,993778256,993778256
0,207588314.2,0,1274335200,708634287.4,3660278487
500000000,20490182.31,0,0,0,0
2700000000,38134591.23,0,0,2720957111,2720957111
0,243988445.2,0,0,1068462398,1068462398
0,103346304.9,0,3753389573,209160772.2,8366650045
1000000000,45902059.86,0,0,0,0
0,2276728206,0,0,486805551.4,486805551.4
814725074,1621533046,0,0,0,0
0,173986130.1,0,399306208.3,1673746294,2266269503
17878623330,186967403.2,0,0,0,0
290500000,1067951117,0,1622371570,988531528.2,2610903098
0,3340476374,1632241600,10733702625,0,25480919225
1810000000,429625130.9,0,0,0,0
1030000000,123536253.5,0,0,0,0
0,1289507106,0,0,297546896.8,730137709.3
650000000,347423518.3,0,0,51640170.49,51640170.49
1000000000,52108277.22,0,0,0,0
1243035552,116973572.6,0,0,446432480.8,446432480.8
1500000000,589353009,0,0,0,0
0,1866214702,0,0,0,0
0,1978548109,0,264286248.2,0,264286248.2
0,261271618.7,0,9518748000,0,10745748000
0,284894008.3,0,811778136.4,0,811778136.4
1417539727,20577289.3,0,0,0,0
959873457.2,133203177.4,0,0,0,0
0,2435870444,0,0,0,0
0,1247520496,0,0,0,0
2252618418,186009373.4,0,897193372.7,0,897193372.7
832384179.2,226091602.8,0,0,0,1074100000
3839425000,535277096.1,0,0,0,0
220000000,1402962469,0,0,0,0
0,78629854.2,909586100,2643707722,0,4060793822
0,3102385945,0,0,43719661.74,43719661.74
3234501.4,4486385.01,978364840,0,0,1078039840
200000000,107691951.7,696894500,0,0,1697394500
3591801744,187462901.8,0,0,0,0
0,2699041537,0,0,0,0
0,33994679.27,698757800,281658990.2,181229656.9,1161646447
0,149573859.5,0,1376799057,0,1376799057
400000000,18197430.49,0,639108284.3,0,639108284.3
0,1912512922,0,213059198.4,255422680.6,468481879
0,1007165425,993789000,0,28225953.88,1022014954
3500000000,20845751.56,0,0,0,0
0,1000957305,0,439687.41,0,439687.41
0,8220483751,0,0,0,0
0,205325324.5,1987578000,0,0,1987578000
0,3817955825,0,0,0,0
998699733.8,2334077721,0,0,0,0
0,140838554.7,4666968720,329407855.2,0,4996376575
0,2190123715,0,0,0,0
0,7796600652,0,1500426836,0,1500426836
0,1329759695,0,281658990.2,0,886158990.2
1015687879,77349895.31,0,0,0,0
1274876664,598237918.9,100372689,0,0,100372689
2800000000,148158266.6,0,0,0,0
11335301652,697569064.4,0,0,0,0
0,53897391.46,0,1994975385,2013232887,4705933272
1117972137,103761337.6,0,0,0,0
0,685620029.3,0,544568946.1,0,1215409196
0,489655025.5,0,0,109314441.5,109314441.5
3189741103,22917455380,0,0,0,0
0,10676089.19,0,0,0,8170420000
0,426693761.2,0,0,33773786.61,33773786.61
81831077.03,893156296.1,0,0,0,9244747253
2001000000,5771869525,0,77780.97,0,77780.97
2200000000,504276381.3,0,0,0,0
0,57302633.11,2350009800,207433057.2,0,2557442857
1040936246,1741053923,0,0,0,0
0,197028347.4,4466883905,258778727.3,0,5131062632
0,4487463707,0,0,0,0
5000000000,149006219.1,0,0,0,0
3000000000,2121088987,0,0,0,0
65820000000,8852868570,0,0,0,0
6084246569,215309551.9,0,0,0,0
1100000000,46122162.61,0,0,0,0
1336542776,360366519.9,0,0,0,0
0,15949642542,0,0,259958456.3,259958456.3
0,769460503.7,0,0,0,246875000
500000000,708087645.1,0,0,0,0
2336819849,246765919.9,0,0,0,0
2069861904,1417269975,0,0,0,0
1025000000,383094306.2,0,0,0,0
2015025497,116068719,0,0,0,0
0,5011954239,0,1425023790,3598233438,5565669900
465006724.8,25694971.17,1094782420,60132302.17,293734441.1,1955399163
1035111497,23977712.72,0,0,0,0
0,1196376593,0,0,2158860049,2158860049
1399468677,7934753.91,0,0,0,0
1200000000,252444244.1,0,0,0,0
0,23184158.28,1200000000,309640260.9,0,1509640261
2006661136,0,0,0,0,0
1088171631,760539773.6,0,0,0,0
30000000,1765070035,0,0,84602763.2,84602763.2
0,53161823.97,1308667900,0,0,1308667900
5900000000,384322512,0,0,0,0
2000000000,722534740.6,0,0,0,0
0,10040920.84,0,0,0,1077300000
1000000000,88339.2,0,0,0,0
0,925927993.8,2992140010,3545590646,268192297.8,7223167304
972711507.3,402412737,0,0,0,0
600000000,655021669.3,0,0,0,0
1000000000,12530374.2,0,0,0,0
4000000000,408019088.3,0,0,0,0
101094401.4,4975171061,0,0,0,0
3250000000,576737901.4,0,0,0,0
218742300,211256432.4,150000000,0,2849740619,2999740619
0,467965643.2,0,2318415630,0,2812165630
1500000000,587150756.6,0,0,0,0
0,2252038234,0,0,0,0
2500000000,3644271772,0,0,1525843077,4547917246
1500000000,44446391.75,0,0,0,0
4000000000,100689433.6,0,0,0,0
1460257948,3481320397,0,0,0,0
2420000000,1165110192,0,0,0,0
0,110964907.1,1299636675,0,0,1299636675
911836360.8,760000633.4,0,0,0,0
1113638455,138793944.6,0,0,0,0
0,14905972.08,0,1221809317,0,1221809317
0,1393550439,0,0,0,0
2201250000,2773564002,0,0,70324568.49,70324568.49
2000000000,106448205.7,0,0,0,0
1910000000,418358.98,0,0,0,0
0,0,0,0,0,0
2373509543,288399292.2,0,0,0,0
1370212500,383932344.7,0,0,0,0
0,860798619,0,0,571292110.8,939482704.6
0,4497924487,0,0,0,0
4500000000,2775689476,0,0,0,0
0,1731130088,0,0,0,0
700000000,83755484.69,1000000000,0,0,2077500000
1750000000,26061678.63,0,0,0,0
1838578220,411914080.1,0,0,0,0
0,3259586113,0,0,0,0
54308082.83,1157200881,0,0,0,0
2891236574,195167312.8,0,0,142367308.6,142367308.6
7400000000,52978068.62,0,0,0,0
0,2354855485,0,0,0,0
1007057534,355080.22,0,0,0,0
2242962658,89817226.74,0,0,0,0
1988497133,56685205.98,0,0,0,0
1188093921,287874585.9,0,331000476.3,471942563.7,802943040
1825000000,242717133.4,0,0,0,0
39600000000,0,0,0,0,18884057841
2500000000,915583708.7,0,0,795698521.4,2275491021
1518454972,2279220915,0,0,0,0
3000000000,39312735028,0,2247654057,7807995147,47766196830
3400000000,691694323,0,2313571059,0,16975750213
164879297.3,73962316.11,1116764190,0,0,1116764190
0,567066443.1,0,455363591.8,15055364.72,966668956.5
20000000000,52007373.64,0,0,0,0
2439981924,1138753152,0,0,362692106.9,362692106.9
1022187777,100030233.3,0,0,0,0
420000000,5766596.75,435198925,51572424.93,398760714.6,885532064.5
0,1155645208,0,0,0,0
0,52077120.92,0,0,0,0
1173175000,3289196.9,0,0,0,0
2545147732,144745874.2,0,0,0,0
1550000000,29873694.74,0,0,0,0
2881975000,58813725.46,0,0,278888636.2,278888636.2
0,43627849.1,911557200,1826994527,0,4180651727
0,1254766185,0,1060176501,0,1060176501
2132866433,3392602802,0,0,0,0
0,2504346120,0,0,0,0
41684323249,752180167.2,0,0,0,0
0,1538120146,0,0,0,0
1000000000,1042922221,0,0,0,0
0,499279302.2,0,0,0,0
2226250000,2554779332,0,0,0,0
508000000,428166274.5,0,0,0,0
350000000,878995698.7,0,310548777.2,455045830,765594607.3
0,167855232.8,0,10694531331,767779792,11756863598
0,1201441408,0,0,0,0
0,1158162043,0,0,0,0
4000000000,7363851359,10076373000,2934521162,4135582444,19146476606
0,4708540.59,1766896615,0,0,1766896615
1550000000,190697938.3,0,0,0,0
0,15185999.47,409272000,0,0,3108271438
0,1369308317,0,0,543189497.2,543189497.2
1031858468,67210217.37,0,0,0,0
0,797486407.1,0,541709760.9,242648524.2,784358285.1
0,2457676054,0,0,0,0
4950000000,197643090,0,0,0,0
1377626793,711008340.3,0,748183616.8,623831456,1372015073
0,3941146440,0,0,0,0
0,2224712489,0,0,0,0
0,1838580106,0,0,0,0
2178750000,280047516.5,0,0,0,0
0,1278331344,0,126641101.6,697875944.1,1322892046
4875000000,88257735.51,0,0,0,0
628437614.4,667421664.5,0,0,0,0
3594682882,287731252.4,1121331900,0,1591453915,3066210815
5168385705,832223870,4884472500,0,0,4884472500
1000000000,235540006.7,5108297500,0,0,5108297500
1000000000,29500216.86,0,0,0,0
1055647730,79992673.02,0,0,0,0
1001000000,444043812.3,0,0,0,0
1712395817,29657678.93,52018400,0,0,52018400
1000000000,102440031.5,0,0,0,0
1027020775,45551327.46,0,0,0,0
0,1999701769,0,0,0,0
300000000,149414989.5,2281545850,0,0,2281545850
0,1458880658,0,0,0,0
0,693171198.4,0,0,9481494506,9481494506
0,4478619889,0,0,0,0
0,518253623,0,14629008441,0,14629008441
0,32030285.85,0,0,1547182977,1547182977
1300000000,114563214.4,0,0,0,0
51801545.35,100619189.7,0,0,1114756409,1114756409
1971207646,75779848.12,0,0,0,0
0,438410787.1,520184000,0,1013123952,5977725633
0,56020714.13,0,0,0,1993500000
1000000000,76337553.93,0,0,0,0
0,23095059.73,0,0,0,0
1539099842,47876794.33,0,0,0,0
2000000000,119531871.2,0,0,0,201354534.7
0,1108326765,0,0,0,0
2500000000,746103098.5,0,0,864293464.9,864293464.9
150000000,1418084965,0,0,387758575.9,387758575.9
0,310459151.7,0,293850459.5,1031742370,1325592829
0,1343428047,0,2010183528,0,2010183528
0,2222867753,0,0,0,0
11331800535,559854197,0,0,0,0
0,101939230.7,0,0,0,1251173000
1200000000,496229704.1,0,0,0,0
100000000,106292417.7,909451900,0,24375623.54,933827523.5
0,394352646,512070500,0,729951944.7,2238772445
0,2593846327,3040302000,0,216204709.1,3256506709
0,1077446595,0,265087464.1,0,1009983714
0,282130141.2,0,2781545172,939999116.4,3721544289
0,207409837,0,0,0,0
1544915748,29530269.93,0,0,0,0
1000010000,7877362.21,0,0,0,0
0,1259965658,6000000000,6172350000,0,18929144400
0,3317723705,0,0,0,0
0,401011824.1,0,3358118794,1275258165,4633376959
3845158536,79518420.79,0,0,0,0
1119636728,20277655.47,130000000,0,0,130000000
0,498316691.3,3072423000,0,0,3072423000
0,3277866976,0,0,0,0
0,2774279457,0,0,0,0
0,1464613050,0,0,0,0
3393641587,633180346.3,0,0,0,0
0,1464018890,3072423000,0,0,3072423000
0,7067736860,0,0,0,24437.72
1271285946,164531288.8,0,0,0,0
0,1038111530,0,0,0,0
0,2481094037,0,0,0,0
0,61582339.06,0,2665146800,0,2665146800
0,249970066,0,2365309669,0,2365309669
500000000,686080126,0,0,310214736.4,966799205.1
0,7755854.29,0,892304363.6,0,892304363.6
0,14909033.39,0,669456958.7,530486245.6,1199943204
5500000000,59549598.51,0,0,0,0
2600000000,215191118.3,0,0,0,0
747846105.1,666361410.3,0,0,0,0
100000000,901357699.7,0,0,0,0
2300000000,382822899.3,0,0,0,0
0,1581171714,0,0,0,0
1150020431,53069365.33,0,0,36649692.17,36649692.17
0,3268154984,0,0,0,0
0,972663418.9,0,311894950.6,832072438.7,1143967389
9200000000,152340683.2,0,0,0,0
2625135910,2445187117,0,0,1688271961,1688271961
3850000000,791326071,0,0,0,0
0,48313970.15,615435000,0,133482880.1,1605555174
600000000,275830574.3,0,251772082.6,334151923.7,585924006.3
0,916303162.6,0,224894105.1,0,5451701755
0,19148007.78,1013112000,0,0,1013112000
1000000000,338217996,300000000,216685935.5,0,516685935.5
0,240667467.5,5048031000,2321935862,0,7369966862
0,2873180862,0,0,0,0
12000000000,134368817.9,0,0,0,0
0,1035874352,0,0,0,893060433.2
1000000000,14869215.52,0,0,0,0
28247871660,1482704085,0,0,0,0
500000000,2659915732,0,0,846228055,846228055
0,1193897092,0,298705112.9,837597350.1,1136302463
0,15246628.84,0,401237042.1,0,2498162042
2000000000,279186498.6,0,0,0,0
25985560290,1610146271,0,0,238727631.3,238727631.3
612962606.7,229298822.5,0,0,327195863.5,327195863.5
0,1697804232,0,0,293223171.4,293223171.4
886532517.3,20618081.57,0,0,501084282.6,501084282.6
1245527539,232567228.9,0,0,0,0
1000000000,402070253,0,0,0,0
54500000000,7571593882,3000000000,0,612024957.4,3612024957
0,233019468.3,0,1750615765,907216677,2657832442
0,1890805621,0,2899926698,0,2899926698
800000000,520855233.1,0,0,0,0
0,5497617014,0,0,0,0
0,562724551.8,0,0,1555602078,1555602078
0,8524157414,0,0,467730874.1,467730874.1
0,94145739.01,0,1027001868,0,1027001868
0,5727620903,0,0,272921724.6,272921724.6
2010000000,105562554.9,0,0,0,0
1184381485,275344151.3,0,0,499035211.7,499035211.7
0,4397766669,0,0,2838568174,2838568174
0,981437017.4,0,0,1150809917,1150809917
3000000000,1199358371,0,0,0,0
7306288508,783332517.8,0,0,151616912.8,336358451.1
1900000000,885213311,0,844772213.9,0,844772213.9
0,1734617255,0,0,0,0
0,1188289457,0,0,0,0
0,1691784634,0,0,0,0
0,33109786213,0,0,0,0
0,3372107202,0,789941348.9,0,789941348.9
207515286.2,29806928.71,0,0,0,0
0,365504327.5,0,0,0,0
1000000000,103289996,0,0,0,0
0,50049509.91,850000000,0,442081559.4,1292081559
0,1296045177,0,0,71886131.75,71886131.75
2400000000,293077580.7,0,0,0,0
1500000000,41693077,0,0,0,0
0,1149558674,0,0,0,0
3012705187,41590857.9,0,0,0,0
1800000000,327018978.6,0,0,0,0
2000000000,1018727621,0,0,0,0
0,4214904013,0,0,0,0
1284785171,3472538584,0,0,358801502.1,358801502.1
0,1016927081,0,0,0,0
1320000000,71600812.3,0,0,0,0
1000000000,58809358.62,0,0,0,0
0,10162285740,0,0,0,0
0,0,0,0,0,0
7889500000,4796685396,0,0,534657142.8,534657142.8
2000000000,615984095.8,0,100070761.8,376782408.8,476853170.6
0,3619275891,996894500,0,0,996894500
0,719647649.4,0,0,0,1014250000
936166798.5,543652322.8,0,0,0,0
0,9392807530,0,0,0,0
0,1197904455,0,0,0,0
0,145244286.2,0,12714275213,0,15714275213
3046975818,330585181.6,0,0,358720767.5,358720767.5
9579237500,924006077.5,0,0,0,0
0,1862197539,0,0,0,0
0,2001844940,0,0,0,0
19700000000,492971721.1,0,0,0,0
0,140092429.3,688312870,202180700,484696272.2,1375189842
0,1035717919,0,0,0,0
0,94696375.96,2147740100,0,0,2147740100
799438227.4,2225636876,0,110094024.4,0,412469024.4
0,110543621.6,0,4620362221,0,4620362221
0,2071796399,0,0,0,0
25900000000,1839497527,0,0,0,0
820034360.9,1994594286,0,300066041.6,0,300066041.6
101229276.3,61499829.62,0,1953346009,0,1953346009
8000000000,1031878415,2001166000,0,533108751.2,2534274751
2000000000,392338527.5,0,0,0,0
0,705399970.8,0,0,0,0
0,415565314.8,0,812684748.4,0,2718009748
0,5355336877,0,0,0,0
0,350282398.3,0,669143136.2,0,669143136.2
0,26510616,0,1020380000,0,1020380000
3500000000,591252143.2,0,0,411515076.1,411515076.1
1200467646,254583048.3,0,0,1056502563,1056502563
500000000,2803377631,0,0,0,0
4000000000,746055534.9,0,0,0,0
1937815740,14509764.28,0,0,0,0
1917128947,368390216.6,0,0,0,0
2676826301,39511414.04,0,524529980.8,814070996.1,1338600977
1017718549,1072374969,0,939271791.5,1645261761,3067576052
0,33912728.68,0,394970674.5,0,1919720675
0,148126323.1,0,469583499,755998701.9,1225582201
3024201481,3816932940,360966550,0,4883035.48,365849585.5
0,8438615016,10201789000,3983940852,4514704169,22682434021
2908297213,128962031.1,0,0,151267048.8,151267048.8
0,21702078.08,1067838575,0,0,1067838575
0,4147047235,0,0,0,0
1101000000,2097426201,2068303500,0,161281103.2,2229584603
0,527413656.6,0,681726112.5,0,3219976112
1925000000,536760213.6,0,0,0,0
474500000,1580942842,0,0,0,0
860619943.1,5686432301,0,0,191950171.8,191950171.8
4000000000,400539661.6,0,0,0,0
7433751250,45641239.45,0,0,0,0
100000000,25829761.84,0,907177749.2,13343245.32,920520994.5
1700000000,63072927.62,0,2452206223,0,2452206223
0,569245367.4,0,2277310872,0,2277310872
0,1219591722,400000000,0,0,400000000
2000000000,90468263.26,0,0,0,177141341.7
0,90433263.57,0,1034138548,0,1034138548
0,5359297845,0,0,253472403.3,253472403.3
0,41758189.22,1014691000,0,0,1014691000
0,2538820424,0,0,0,0
0,3110629999,0,0,42853056.97,42853056.97
0,154667160.8,1478419400,0,0,1478419400
788322321,258159959.8,100000000,0,0,100000000
3170000000,944972302.6,0,0,0,0
0,1240996464,0,424234068.4,1946258330,4449945899
0,7045854118,0,0,0,0
1296481060,1654164872,0,0,0,0
0,78525249.67,0,439641013.5,4341418550,4980859563
632239231.5,533898484.1,0,0,0,0
0,4524121080,3062666000,0,198126356.4,3260792356
0,959690852.5,0,0,0,0
3255807.62,4423110.82,976646720,0,0,1078396720
1500000000,600620337.1,0,0,270284425.3,270284425.3
0,1081830648,0,0,0,998500000
0,215439956.8,0,0,0,11210557750
0,1029300235,0,6760784071,3232958742,20036447813
0,1588314868,0,1535083270,867343590.2,2402426860
2070000000,7501340.1,0,0,0,0
0,1482849582,0,0,502228771.6,502228771.6
0,1788605878,0,1055210000,3315384945,6742483695
3602514827,415123041.3,1127954200,0,1476910739,2960989939
0,834208995.4,0,8455937370,0,10490937370
200000000,352328996.3,510395000,0,0,1518645000
3071952632,770543288.5,0,0,0,0
0,533144926.2,1018499000,0,0,1018499000
1498238165,297533280.1,0,0,518950612.1,518950612.1
0,3178177076,0,0,0,0
1000000000,217988092.5,0,0,58051500.41,58051500.41
20000000000,114396916.9,0,0,0,0
0,1059488071,0,0,713252098,713252098
150000000,1085667604,0,0,356365651.4,356365651.4
0,3949760100,0,0,0,0
905000000,10649636.09,0,3684049723,0,3684049723
0,1025452676,1014691000,0,0,1014691000
77747974.75,959701151.6,101849900,1120560.16,17781040.19,322751500.4
1500000000,256088981.9,18419078400,0,0,18419078400
3250000000,585810599.3,0,0,0,0
0,1137664276,515939500,0,1055210381,5085301006
1500000000,123138816.9,0,0,0,0
101724248.9,4977236090,0,0,0,0
0,2633821.85,0,585285308.5,0,585285308.5
0,478173221.4,0,314062321.8,842540788.8,1156603111
2455619509,1566801912,0,0,337285443.1,337285443.1
0,28166225.21,0,0,0,0
2001000000,1421231179,0,0,0,0
0,449087025.2,0,0,0,1998000000
1028177971,100035385.8,0,0,0,0
1550000000,272117717,0,0,0,0
2200000000,518075700.7,0,0,0,0
0,2366562268,0,0,0,0
3250000000,681833756,0,0,0,0
9200000000,468154290.3,0,0,0,0
0,1536638347,0,0,87435917.85,87435917.85
0,586000606.7,0,0,445178148,445178148
420000000,72415582.31,434728575,51930803.9,35380021.58,522039400.5
4425000000,758522570,202938200,0,0,202938200
220065541.1,309660990.6,150000000,0,2534976437,2684976437
2632364493,3350827948,0,0,1901889080,1901889080
0,4951529.59,0,1009233081,0,1009233081
0,2162726357,0,0,0,0
1191322162,414513895.4,0,0,463061853.9,463061853.9
10000000000,4675056602,0,0,2647783344,2647783344
5399927389,538485586.7,4951975000,0,0,4951975000
0,3280319.57,0,0,0,0
0,845216052.9,0,0,9105121233,9105121233
0,1527553249,0,0,0,0
2757397116,98262718.02,0,0,0,0
0,310715571.4,0,270803089.7,1057333368,1328136457
0,246443453.4,0,0,0,1526250000
230579066.9,576252142.5,413846000,0,36809413.98,450655414
1155000000,76663509.69,0,0,0,2323000000
0,714182630.1,0,0,1084090412,1084090412
7400000000,32097966.42,0,0,0,0
0,392133657.6,918148900,370345500,0,2119244400
0,248062757.1,0,585846422.8,0,1583596423
0,1455159213,0,0,0,0
0,159142760.1,0,641464112.8,0,5152290863
0,2453964.94,0,0,0,0
0,1882312132,0,0,0,0
891959608.2,1233889200,0,217230986.5,220128860.8,437359847.3
0,1217855315,0,0,0,0
1171500000,3294056.27,0,0,0,0
0,2347631946,0,0,0,0
2500000000,212234483,0,0,0,0
0,2625891487,0,0,0,0
2561185465,149085327.8,0,0,0,0
2000000000,1456889971,102079000,0,0,102079000
0,1031616262,0,3830744038,517166144.6,11466497682
0,4999504853,0,0,0,0
1000000000,217321813.2,5119715000,0,0,5119715000
274999223.8,460668638.7,0,0,586358631.8,586358631.8
13050000000,193957589.1,0,9733968217,20366275.26,9754334492
0,1196868664,0,0,0,0
0,2011346887,0,0,0,0
0,211667285.6,0,754293495.1,0,754293495.1
0,30835677.85,412622400,0,0,3156267400
6024243101,2584785172,0,0,0,0
3102958555,417492138.5,4119144402,21342163.47,0,4140486565
3499000000,5962042.63,0,0,0,0
0,20422138.34,0,1013534157,0,1013534157
0,94923558.5,2337817300,209083098.9,0,2546900399
1184375903,393480868.2,0,0,15488723.9,15488723.9
0,4122278354,0,0,0,0
3850000000,1082681334,0,0,0,0
1550000000,29548029.88,0,0,0,0
0,649224105.5,0,0,1951969298,3965969298
2050850349,981655092.3,0,0,0,0
0,285841371.3,0,2147790790,0,2646040790
0,2121022352,0,0,0,0
7329516243,722068663.3,0,0,140192783.1,295477337.7
0,3038620316,0,0,0,0
19700000000,620624342.6,0,0,0,0
0,6176105077,0,0,0,0
1500000000,484451106.9,0,100287464.8,0,100287464.8
0,112708580.5,0,2296575496,0,2296575496
0,25941747.12,0,0,0,0
1003898304,548497178.3,0,0,324212904,990897529
0,2620446743,0,0,0,0
0,111445836.5,0,395538267.5,0,889288267.5
11346583512,269681097.7,0,0,0,0
0,35221285.13,2389664650,0,0,2389664650
0,406964994.9,0,0,0,0
1000000000,35270966.78,0,0,0,0
2880500000,70862745.37,0,0,257627620.1,257627620.1
0,36288280.86,4444027755,122575361.4,0,4974603116
1500000000,3734689546,0,0,1591010797,5188220422
3346500000,289563330.4,0,101494000,161008494.9,9500363761
0,1150421380,0,0,0,0
0,162407110.8,0,0,0,2035000000
0,866009716.6,0,2070176830,0,2070176830
250000000,723786494.3,0,0,86952900.53,86952900.53
0,409781725.6,0,0,0,0
0,1285710430,0,0,0,0
400000000,11564275832,0,0,0,0
0,2471775350,0,1101020119,0,2116020119
0,2980126954,0,0,0,0
0,1310730296,0,0,0,0
0,169589219.8,0,80950879.77,0,2006700880
1000000000,1013684184,509249500,970830175.5,0,1480079675
5000000000,91921735.78,0,0,0,0
0,6917873.47,515939500,2053440400,0,2569379900
3500000000,1022700999,0,0,0,0
3000000000,237031155.9,0,0,0,0
0,3131337045,1314844000,1766331268,595667993.5,4394290261
1061833069,79335172.1,0,0,0,0
0,3109685873,0,0,0,0
1542878880,28102365.67,0,0,0,0
0,80556424.94,204158000,270713427.2,766344385.9,1241215813
0,27839227.79,0,1001534507,0,1001534507
550000000,52317694.99,721533500,196659205.4,1101222739,2019415445
0,130516627.7,0,1384159865,0,1384159865
0,4323662743,0,0,0,0
1950000000,2139107325,6099570000,0,0,6099570000
2000000000,1616918961,0,0,0,0
0,390738620.5,0,1516390522,0,5080140522
406343049.6,773988043.5,305037800,243759829.3,24148950.04,572946579.4
67920000000,3851138394,0,0,0,0
6128532764,131455649.9,0,0,0,0
0,10464788.07,1014691000,108017.19,0,1014799017
1500000000,37844508.54,0,0,0,0
1000010000,2110598.3,0,0,0,0
400000000,16805252.19,0,606167901.9,0,606167901.9
0,255663907.5,0,352474735.8,0,908724735.8
0,58280596.12,612799400,0,123422057.5,1625510082
600000000,267137804.6,0,252475501.5,307475153.8,559950655.3
0,191439219,688808770,203520080,548338219.5,1440667070
0,1698423393,0,563657718.8,0,5906623719
2175000000,161846807.6,0,0,0,0
1900000000,1218290382,0,362605324.6,0,362605324.6
1100000000,100619201.3,0,0,0,0
0,7133069536,0,0,20851465.76,319801465.8
0,1579709661,0,0,0,0
0,639473993.4,1034615000,9437626696,507965394.9,20065407091
0,595914807.3,0,769744941.3,390509499.8,1759654441
0,920571181.1,6000000000,6219210000,0,18225374514
0,3832262034,0,0,0,0
0,459809924.4,2156037100,0,0,2156037100
1000000000,80178304.35,0,0,0,0
0,1390455014,0,0,0,0
0,1345142320,0,0,0,0
0,157151139.3,0,0,0,0
0,639163085.4,0,979156026.9,1822030571,20395886598
0,25686636.56,1018499000,0,0,1018499000
0,1570133068,0,0,0,0
0,33298632180,0,0,0,0
0,768718387.4,0,759243401.7,0,759243401.7
2000000000,2083489537,0,0,0,0
0,17456055.37,1022747000,0,0,1022747000
0,805610798,0,457359383.9,388725081.5,1509084465
5500000000,136027817.4,0,0,0,0
0,28706517.09,0,0,0,0
1207729653,225692538,0,0,978047535.7,978047535.7
500000000,2790778670,0,0,0,0
0,77059337.47,913846000,1837709115,0,4221305115
2000000000,1345141388,0,0,0,99650000
2000000000,872580314.9,2041580000,0,188958415.3,2230538415
1000000000,372980749.6,0,0,0,0
1458332425,3368733247,0,0,0,0
0,1681710875,0,0,0,0
0,116788613.4,1313661675,0,0,1313661675
2.65761E+11,41340460994,0,0,0,0
0,38664176.6,0,202603719,1137151387,1738355106
2272138128,47860221.53,0,0,0,0
1000000000,894057240,0,0,0,0
1000000000,322583400.5,300000000,218191695.2,0,518191695.2
0,1005522072,0,0,571426585.5,571426585.5
0,2355988344,0,0,0,0
0,985414362.5,0,0,0,0
1536364651,937276233.8,0,0,0,0
0,731807874,1028124500,501613241.3,1817202121,6210741863
0,1591741993,0,0,0,0
0,1606481992,0,0,0,0
0,76443876.37,3044073000,0,222801857.7,3266874858
0,1443197941,5135579000,849336451.8,0,5984915452
0,176264260.8,0,407552040,498493806.2,1924795846
0,13386324.5,0,602383198.7,316727787.4,1116610986
910266935,718555464,0,0,0,0
1415844427,42834723.12,0,0,0,0
0,2784510687,1020790000,0,25568862.86,1046358863
1119578549,155879510.1,0,0,0,0
1344375144,372700184.6,0,0,0,0
0,1195389002,0,1067983008,0,1067983008
0,16208266.33,0,0,441178681.6,1189553682
1000000000,337988147.2,0,0,66296589.26,66296589.26
0,36883538.94,0,1221082252,0,1221082252
0,826027055.2,0,805789610.3,2607164895,9193344506
0,477686270.9,2054080000,1575768200,831168430.5,4461016630
2145365394,3346175428,0,0,0,0
0,631066988.6,0,544999473.7,0,544999473.7
0,1004988082,0,1005726396,0,1005726396
0,984449554,0,442742.82,0,442742.82
0,8267721667,0,0,0,0
4000000000,571284296.7,0,0,0,0
0,387565677.7,2041580000,0,0,2041580000
0,209908100.6,1031879000,0,0,1031879000
0,3533732365,0,0,0,0
1032703807,76815063.64,0,0,0,0
2256106801,53562022.09,0,0,0,0
0,166541346.8,0,0,0,0
500000000,2659394038,0,0,0,0
2400000000,207935022.1,0,0,0,0
0,3692874464,0,0,0,0
16896229947,519254756.6,0,0,0,0
804274281.1,1385656188,0,113266208.1,0,419016208.1
0,459337885.7,0,5157261334,0,5157261334
1867736861,482203668.8,152774850,0,0,152774850
0,148812143.4,750000000,0,0,3253250000
2000000000,14517682664,0,0,239323008.3,239323008.3
12000000000,106964003.1,0,0,0,0
0,1047022324,0,0,0,919875558
0,3613825415,0,0,0,0
0,1621268166,0,2227903000,1273720988,3501623988
1500000000,410491203.8,0,0,0,0
0,534060779.9,0,545698588.3,317870901,863569489.2
0,1136235506,0,0,0,0
0,2693042402,0,0,0,0
3868283644,64634696.97,0,0,0,0
1000000000,381485721,0,0,0,0
0,941226114.3,0,0,0,0
0,1066704.86,1031333000,0,0,2048833000
0,631907475.9,0,0,0,0
0,34924364.36,0,1578523132,0,1578523132
0,7464666423,0,1019980000,0,1019980000
0,2778727500,0,0,0,292146000
0,68493723.92,0,0,0,956125000
500000000,813505501.9,0,0,0,0
0,561400584,0,1082171794,0,1082171794
751953271.9,758042069.4,0,0,0,0
2343335675,254684490,0,0,0,0
1997818194,56281841.09,0,0,0,0
1126354563,135883568.6,0,0,0,0
708228880.6,924842063.9,0,488895912.3,873787695,1362683607
1180912109,11887626.01,0,0,0,0
2084637454,1338581500,0,0,0,0
3031575826,49208224.25,0,0,0,0
1800000000,38342873.21,0,0,0,0
0,31948065.53,0,0,1621051838,1621051838
1949978336,12242282.83,0,0,0,0
63967750000,260217732.2,0,0,0,0
1049314500,1096516902,0,0,21086587.27,21086587.27
1000000000,21090768.48,0,0,0,0
0,245033474.4,0,0,914510229.8,914510229.8
2000000000,875590037.5,0,0,0,0
41943186913,74667116.14,0,0,0,0
0,1347578263,0,0,0,0
1004552284,2390788022,0,0,0,0
0,1536448707,0,0,0,0
0,229478111.9,0,749146831,742282302.9,3199129134
200000000,4567554847,0,100439469.3,0,100439469.3
28427028372,1478279786,0,0,0,0
0,5028152610,0,0,0,0
0,1051940391,0,0,0,0
0,1661880811,0,0,0,0
1195049749,206941285.6,0,333437766.3,434968190,768405956.3
0,231766214.1,0,0,0,0
0,543260646.1,4674796020,0,0,4874096020
500000000,3077831705,0,0,890906676.5,890906676.5
1286863130,1689289456,0,0,331952300.7,331952300.7
1486428899,43998625.02,0,0,0,0
0,2293115212,0,0,0,0
1007866379,32464406.89,0,0,0,0
0,1463195814,0,292384216.3,877466750.2,1169850966
0,30700668.36,0,426305417.9,0,2553805418
0,1021256568,0,0,0,0
0,30585925.42,0,200815353.2,0,901065353.2
0,3084526991,310384500,143261699.9,0,951896199.9
0,497911719.1,1031879000,0,132863222.6,1164742223
0,1489459404,710283700,231737367.2,0,1450771067
0,29537270.85,0,0,1628686837,1628686837
3794229800,675872347.7,0,332888221.5,0,738388221.5
0,1605847866,0,2549477942,380593644.9,6906285962
0,105148917.4,607955400,609059127.7,0,1217014528
2026789887,81383603.8,0,0,0,0
0,5127081887,0,1424285788,3757079467,5670855022
0,1292527704,0,0,0,0
0,8830455.06,153118500,0,0,1170493500
294987709.8,111160019.9,1097670260,0,269813971.4,1670484231
2700000000,1701302825,0,0,864893475.6,864893475.6
0,448410395.4,0,0,995545588.7,995545588.7
1041373213,23895084.07,0,0,0,0
2000000000,222194404.3,0,0,0,0
4950000000,338943606.7,0,0,0,0
0,163052517.1,0,2266038361,0,7304472736
26147888871,1577941531,0,0,263960289.3,263960289.3
0,11768586938,0,0,2017461797,2017461797
0,1858185802,0,23336672.28,3277713519,8880550191
0,42829273.79,0,0,0,996500000
2000000000,0,0,0,0,0
0,1091206902,0,0,0,0
1000000000,241654464,0,0,0,0
0,374641213.5,0,0,582108676.4,582108676.4
1525785555,438553201.7,100000000,0,111381971.3,211381971.3
0,2167383468,0,0,499173131.7,499173131.7
0,7054133839,0,0,0,0
0,9178752725,0,1503322019,0,1503322019
0,649044974.1,0,475152656.9,351033340.1,2307435997
0,1819792294,0,51720189.8,0,74827873.92
2524243101,110562639.3,0,508097249.9,848353614.8,1356450865
0,331212907.6,0,0,506040388.7,506040388.7
1407934504,7894413.38,0,0,0,0
816566862.4,1626943565,0,0,0,0
0,2144560533,0,0,0,0
0,815040396.1,0,0,1658963574,1856463574
1300000000,219640818.5,0,0,0,0
0,0,0,0,0,0
413708044.9,65167447.78,0,1172317560,1106593414,2278910974
1000000000,1108326833,0,0,0,0
1000000000,420752075,0,0,0,0
0,552138011.3,3044073000,0,0,3044073000
1825000000,253805362.7,0,0,0,0
2300000000,212270953.8,0,0,0,0
0,117582082,0,0,0,1281640000
1125000000,3006603956,0,0,0,0
2200000000,2858192862,0,0,68854358.35,68854358.35
1000000000,913507332.8,51593950,0,54856291.71,106450241.7
0,1500179841,0,0,0,0
2090537798,358427157.6,0,0,0,0
0,312316148.5,357961450,260678981.5,0,1169640432
726776562.9,2773181557,0,0,972369214.4,972369214.4
2073447502,442607192.5,0,834686255.2,135388804.1,1862425059
17889500000,13180508539,0,0,568125274,568125274
1001000000,429634371.1,0,0,0,0
1722578523,36508168.61,51593950,0,0,51593950
0,0,0,0,0,0
1000000000,108473927.1,0,0,0,0
2000000000,722570623.6,0,0,348569565.3,348569565.3
2000000000,112376265.3,0,0,0,0
52114909.22,113479105.6,0,0,1192948315,1192948315
1200000000,259768530.1,0,0,0,0
19989335047,189254942.7,0,0,0,0
0,2898973270,0,0,0,10636969875
0,214686017.9,0,270713427.2,0,1073213427
0,3518958154,1010395000,0,0,1010395000
290000000,1502718216,0,0,1003191260,1003191260
0,181578.23,0,1904837943,0,1904837943
588183817.8,326802107.4,0,648270268.6,0,952170268.6
39600000000,0,0,0,0,17973104841
0,1630501787,0,0,0,0
666856109.6,179346003.2,0,0,305802174.8,305802174.8
4000000000,1202128195,0,0,0,0
0,22395768023,0,0,0,0
0,562773148.9,1650132800,10822269065,0,29044351865
0,576895085.2,103187900,529065000,0,881377900
0,30097999838,0,0,0,0
1350000000,1559623051,0,0,124162217.5,124162217.5
0,6118484986,2664745000,403651000,919947064.5,3988343064
0,3824628038,9139710000,0,0,9139710000
0,13978600.38,1200000000,131440208.4,0,1331440208
0,299436512.8,0,0,0,1504947500
100000000,3200859147,0,0,271371701.1,271371701.1
2210000000,123448098.1,0,0,0,0
0,1435177627,0,512808369.7,0,512808369.7
0,2972260762,0,0,0,0
1910000000,380858.98,0,0,0,0
961720554.1,39850399.37,0,0,471130185.6,471130185.6
0,779806497.3,0,0,0,0
1253118846,129173632.2,0,0,0,0
1022127062,7439535.3,0,0,0,0
0,112635318.5,1017307500,1036336101,783122390.9,2836765992
0,401570233.1,250000000,1070736256,1719604668,4516707174
0,591327953.2,0,0,2013532192,2013532192
2018420512,0,0,0,0,0
0,29677267.72,0,0,0,1018750000
2500000000,954017616.8,0,0,733782001.3,2245032001
0,56947825.69,305549700,1004179199,0,1309728899
1000000000,1029925885,0,505505498.9,2032454084,3525459583
0,6453637587,0,0,0,0
0,2722121347,0,0,0,0
1030000000,123270689,0,0,0,0
1527353377,2636084160,0,0,0,0
0,5754127.55,510395000,85089716.99,773892214.7,1369376932
0,3587981029,0,0,0,0
0,49518679.48,0,0,0,0
0,1297042171,0,0,292275108.4,725252358.4
650000000,356878060.5,0,0,48321174.48,48321174.48
1200000000,566074151.9,0,0,0,0
2225000000,3115066708,0,0,0,0
1282722254,587111800.1,103099790,0,0,103099790
500000000,176186448.6,376844900,1785746887,99705694.25,2262297482
0,1178909884,500000000,2117048507,0,4157434507
200000000,2285797896,0,0,0,0
0,18856240.93,0,782604216.1,109470290.5,1215005750
0,16762569.26,1033197000,0,0,7063719109
1100000000,143631324.3,0,313956636.9,282001672.3,595958309.2
0,496100862.4,1014691000,1822932203,0,2837623203
100000000,3884286001,2029382000,0,0,2029382000
0,461638.08,0,3751668205,588240029.9,4339908235
0,1164452522,0,2162377198,890940293.5,4062817491
0,1044449389,0,2029880000,0,3026380000
0,2474398321,0,0,0,0
0,369211703.2,618799800,836713114.4,0,10722638578
2374526339,152622577.6,0,0,0,0
1368250000,649246704.4,0,0,0,0
0,335189412.3,0,188966192,753235673.6,1522234991
0,4234778648,0,0,0,0
1087725735,675900209.9,0,0,0,0
30000000,1767422481,0,0,75802301.6,75802301.6
0,13037418.88,310384500,0,0,310384500
5900000000,419555303.4,0,0,0,0
1371769911,265314312.3,879703600,2690360860,0,3570064460
1000000000,51941723.42,0,0,0,0
2000000000,731160006.5,0,0,0,0
2800000000,240675040.2,0,0,0,0
1147075864,88865949.6,0,0,410731362.2,410731362.2
3000000000,332250776.4,0,0,0,0
54500000000,11566181853,3000000000,0,589172996.2,3589172996
25900000000,1924126933,0,0,0,0
0,222396263.1,0,1763630179,874551596.6,2638181776
445175450,946655546.3,0,0,0,0
0,2485816962,0,2917907646,0,2917907646
1588515155,635116393.1,0,0,0,0
1000000000,201519909.3,0,0,0,0
11407971805,256253895.9,0,0,0,0
0,9439257888,0,0,0,0
100000000,309068731.3,714116000,0,20978975.68,735094975.7
10008517322,22085326924,6055497000,0,0,6055497000
0,81221904.21,0,2033261190,2103173148,4848684339
2820619660,343213919.5,0,0,0,0
2600000000,934496048.1,511373500,0,0,511373500
0,1755492252,0,0,0,0
3000000000,45004948304,0,0,8132169921,46560832423
3400000000,3388402885,0,729266625,0,15647654200
0,1401472618,0,0,834034521.8,1342784522
0,1863800638,0,0,0,0
0,15876607237,0,0,0,0
0,3262995135,0,0,0,2035000000
1972898265,110123584,0,0,0,0
0,3429509120,0,0,88605585.96,2160105586
0,935469634,0,313019060.5,429903503.4,742922563.9
0,34546956.04,0,0,0,0
0,1247378216,0,0,0,0
0,18220653.67,509249500,487679791.7,0,996929291.7
0,2037401748,0,266122784.6,0,266122784.6
0,8967899.11,0,0,0,1102000000
3414170794,488221160.6,0,0,0,0
1156977267,42862895.47,0,0,35819257.75,35819257.75
0,24087551.13,0,0,0,0
825248380.3,2030264803,0,305023753.6,0,305023753.6
800000000,582871433.4,0,0,0,0
4500000000,1160227750,0,0,0,0
0,1502592621,3044073000,0,0,3044073000
0,1013211869,0,902770707.1,1777150782,3173671489
0,2586389647,0,0,0,0
0,1428492465,0,0,0,0
0,5511098973,0,0,0,0
1124735102,101823418.8,0,0,0,0
0,31475583.83,0,782671268.6,0,1291421269
